-- phpMyAdmin SQL Dump
-- version 5.2.0
-- https://www.phpmyadmin.net/
--
-- Host: 127.0.0.1
-- Generation Time: May 26, 2024 at 08:50 PM
-- Server version: 10.4.27-MariaDB
-- PHP Version: 8.1.12

SET SQL_MODE = "NO_AUTO_VALUE_ON_ZERO";
START TRANSACTION;
SET time_zone = "+00:00";


/*!40101 SET @OLD_CHARACTER_SET_CLIENT=@@CHARACTER_SET_CLIENT */;
/*!40101 SET @OLD_CHARACTER_SET_RESULTS=@@CHARACTER_SET_RESULTS */;
/*!40101 SET @OLD_COLLATION_CONNECTION=@@COLLATION_CONNECTION */;
/*!40101 SET NAMES utf8mb4 */;

--
-- Database: `blog`
--

-- --------------------------------------------------------

--
-- Table structure for table `blog`
--

CREATE TABLE `blog` (
  `id` int(11) NOT NULL,
  `blog_title` varchar(30) NOT NULL,
  `blog_description` text NOT NULL,
  `image_url` varchar(255) DEFAULT NULL,
  `time` datetime NOT NULL DEFAULT current_timestamp(),
  `user_id` int(255) NOT NULL
) ENGINE=MyISAM DEFAULT CHARSET=latin1 COLLATE=latin1_swedish_ci;

--
-- Dumping data for table `blog`
--

INSERT INTO `blog` (`id`, `blog_title`, `blog_description`, `image_url`, `time`, `user_id`) VALUES
(64, 'test', 'test', NULL, '2024-05-25 00:00:00', 10),
(60, 'Toms', 'Toms', NULL, '2024-05-08 00:00:00', 1),
(48, 'Divi', 'Apraksts par otro ierakstu', 'data:image/png;base64,iVBORw0KGgoAAAANSUhEUgAAASwAAACoCAMAAABt9SM9AAAAA1BMVEX//wCKxvRFAAAAR0lEQVR4nO3BAQEAAACCIP+vbkhAAQAAAAAAAAAAAAAAAAAAAAAAAAAAAAAAAAAAAAAAAAAAAAAAAAAAAAAAAAAAAAAAAO8GxYgAAb0jQ/cAAAAASUVORK5CYII=', '2023-12-20 06:54:31', 0),
(54, 'Golf MK4', 'Good car', NULL, '1999-11-23 00:00:00', 0);

-- --------------------------------------------------------

--
-- Table structure for table `blog_comment`
--

CREATE TABLE `blog_comment` (
  `id` int(11) NOT NULL,
  `comment_time` timestamp NOT NULL DEFAULT current_timestamp(),
  `blog_id` varchar(11) NOT NULL,
  `user_id` varchar(11) NOT NULL,
  `comment` varchar(11) NOT NULL
) ENGINE=MyISAM DEFAULT CHARSET=latin1 COLLATE=latin1_swedish_ci;

--
-- Dumping data for table `blog_comment`
--

INSERT INTO `blog_comment` (`id`, `comment_time`, `blog_id`, `user_id`, `comment`) VALUES
(61, '2024-01-18 10:46:01', '49', '49', ''),
(60, '2024-01-18 10:46:01', '49', '49', 'aaa'),
(59, '2024-01-18 10:45:59', '49', '49', 'aaa'),
(58, '2024-01-18 10:45:55', '49', '49', 'aaaaa'),
(57, '2024-01-18 10:45:50', '49', '49', '.'),
(56, '2024-01-18 10:45:40', '49', '49', 'aaaaaaaaaaa'),
(54, '2024-01-15 13:14:16', '50', '50', 'njjjjnjj'),
(53, '2024-01-15 13:14:05', '50', '50', 'pkopkpjikk'),
(52, '2024-01-15 13:13:55', '50', '50', 'jkjjjk'),
(42, '2023-12-19 11:46:05', '27', '27', 'reter'),
(41, '2023-12-19 11:46:01', '27', '27', ''),
(40, '2023-12-19 09:06:01', '24', '24', 'gggggg'),
(39, '2023-12-19 09:05:59', '24', '24', 'sdadssdsda'),
(38, '2023-12-19 09:05:52', '24', '24', 'sdadssdsda'),
(37, '2023-12-19 07:22:01', '24', '24', 'cssdas');

-- --------------------------------------------------------

--
-- Table structure for table `blog_likes`
--

CREATE TABLE `blog_likes` (
  `id` int(255) NOT NULL,
  `user_id` int(255) NOT NULL,
  `post_id` int(255) NOT NULL
) ENGINE=InnoDB DEFAULT CHARSET=utf8mb4 COLLATE=utf8mb4_general_ci;

--
-- Dumping data for table `blog_likes`
--

INSERT INTO `blog_likes` (`id`, `user_id`, `post_id`) VALUES
(2, 1, 65),
(6, 4, 64),
(8, 4, 60),
(9, 4, 48),
(10, 4, 54),
(11, 4, 65),
(32, 10, 64),
(37, 10, 60),
(39, 10, 54),
(40, 10, 65),
(48, 6, 48),
(49, 6, 54),
(50, 1, 64),
(51, 1, 60),
(52, 1, 48),
(53, 1, 54),
(54, 10, 48),
(55, 2, 64),
(56, 2, 60),
(57, 2, 48),
(58, 2, 54),
(59, 3, 64),
(60, 3, 60),
(61, 3, 48),
(62, 3, 54),
(63, 3, 65);

-- --------------------------------------------------------

--
-- Table structure for table `blog_pictures`
--

CREATE TABLE `blog_pictures` (
  `id` int(11) NOT NULL,
  `img_url` text NOT NULL,
  `post_id` varchar(11) NOT NULL,
  `is_main` varchar(11) NOT NULL
) ENGINE=MyISAM DEFAULT CHARSET=latin1 COLLATE=latin1_swedish_ci;

--
-- Dumping data for table `blog_pictures`
--

INSERT INTO `blog_pictures` (`id`, `img_url`, `post_id`, `is_main`) VALUES
(28, 'https://static1.topspeedimages.com/wordpress/wp-content/uploads/jpg/202102/volkswagen-golf-mk4--3.jpg', '54', '1'),
(32, 'data:image/jpeg;base64,/9j/4AAQSkZJRgABAQAAAQABAAD/2wCEAAkGBxMTEhUSExIWFRIWGR4WGBgXGB4WGhYYFiEbGBgYFx0aICggGxslHhcXITEhJSkrMC4uFx8zODMtNygtLisBCgoKDg0OGxAQGy0lICYuLi0tKzExMC01Ly0vLSstLS0wKy0tLy0tLS0tKy0vLS0rLS8vLSstMi0tLS0tLS0tLf/AABEIAOEA4QMBEQACEQEDEQH/xAAbAAEBAQADAQEAAAAAAAAAAAAABgUDBAcCAf/EAEQQAAEDAgQDBQUECAMIAwAAAAEAAhEDIQQFEjEiQVEGE2FxgRQycqGxIyRCkQczNFJigsHRwuHwFRYlY3OSorI1Q/H/xAAaAQEAAwEBAQAAAAAAAAAAAAAAAQMEAgUG/8QAPBEAAgIABAMFBwMEAgEDBQAAAAECEQMhMUEEElETYXGBwQUiMpGhsfAz0eEUQlLxIzQVJENyRJKissL/2gAMAwEAAhEDEQA/APcUAQBAEAQBAEAQBAEAQBAEAQBAEAQBAEAQBAEAQBAEAQBAEAQBAEAQBAEAQBAEAQBAEAQBAEAQBAEAQBAEAQBAEAQBAEAQBAEAQBAEAQBAEAQBAEAQBAEAQBAEAQBAEAQBAEAQBAEAQBAEAQBAEAQBAEAQBAEAQBAEAQBAEAQBAEAQBAEAQBAEAQBAEAQBAEAQBAEAQBAEAQBAEAQBAEAQBAEAQBAEAQBAEAQBAEAQBAEAQBAEAQBAEAQBAEAQBAEAQBAEAQBAEBxtrtOzgfIygPz2hk6dTdR2EifyQHFVxoBLWgucN4IAHnP9EBxf7RuRpuInpeefofl1QH4cxhpcWGIkXHpOxE+qAnst7YUMQ4tbXPeAlppgbOaYIgCTsUB3a2a92B3r3MndxBaOdhI32Qg+sr7QsqVW0mPNQGZJERHQgCUJKJAEAQBAEAQBAEAQBAEAQBAfOsdQgP3UN5QHX9sHJriOogD5m/ogPluPaW6mgkbbbmS2L+IIQHBmWbto0nVagLGtEku2AG7iWkiBuUB0aGfU6rS6jiGVXRIaII/IX+ZQHLWzdgMGsKYFyTA8gNQPrZAYubZ9Wqd2cHTGLbrLXwdLAIMukyHEEAQP3uUKQaOHdUqBveMp06jfway6Jlt9I8SoIM3NM1xVJjyzAuxF92uZBi2xIsOm/gpJOlg8up4ir7Qcc9lTSGOpU3BjQ5szqDhOsTB290WEIQbpFIs0kjVcA94XEkbEmVAJ/OsuDHtqe31KpbJGHcQ5tUgGGwwaifz22Kkk7+S5i+rTAOBfhpHvOLGCY/hcTzQGnjcRUZvQ71vRnGf5pvHooIOlklcVMQD3HdRtaCeSMlFigCAIAgCAID4q1WtEuIA/1sgOucxpiJMSQBqBbqJ2ABgkoD6djmgxxdbNLo6bX/8AxAdPE53TD+6D2B0auI8vAW+oQHG/NiHhpczSQSXTEG0CL+PPkgPh+c6QXuqUw3obWHjNvyKAnh2jq1MQ9hwdWrTDhpqDSGQYNtZG0wTHLdSDUqVXsDnhhcDENDtURaGtG++w5gKCDKPaMd62g3DVKTnA/aVAWNtuC78Tj+7ub9FJJz5Tk9fDtL342pXbc920MAg3ABIkgbXM+KA18VgnOgUqxYRJk8Y848UIJLM678NUPttQ46lVIY2nTYSWCCXa2NnU0wOLlYReUJKnK6jHNa7D0KlJk3boFHVE8nQTvuhBm59nOEZq9qw73kCI7l1SAOhAO88kB0Mly/EP7urgKlLC4NzA4UnN1+/LgWtaQGSCDEkeAMoSVFGm4tOuo7WOFzg1rWkxNhe1+qggxc2wuZaWmnXoilI1DTpeWSNQaSSA+JiQRO9rqSTMyCrlNZ5fTpB2Jc4y51Nz3l7Te5BmCD1HSyApcxxVNtMDENIpmA4ubDfkOfooII9zMHUrPdlTB7dTbp1Anu2h5s2pPI6eXFa0XUklVl7cYQ1uLNEE7d21z7jryCgg5cWMUDNE06kieMlhE9BcX9PJAfGRPrmsfaBxco25/wBlzLY6W5UrogIAgCAIAgI/9IGNfS7p9N0OGr/CpQIvLu22IrVG03hlpIcBBBAkJRB1s7/SPiaOtrA2f3jfZKBt0K2W4ju6uLPeVdNjW2vcwNgZ6dBuhJt4fNsO2m5uqno2ZpYGsDYAAPLeUIMLH0ctq1GNog1MQ062Cm4mCyDqIJjePetdCTTyjE49tMe2Nw7GRctLnn/t0iPzQGpXp16bWtpBj42aR3YEX3vYE/NQQTmZYurU1Ucz0Yag+GM0OkVCZcRrIBaeHaAdyDYqSTZyfB4Sjp7hwqMMB2uo6sQL3GpxA5ckIOXMaODqAmrV7oRH2dQ0pN5PCRIQGLkjquGe1mAoOxeGfqea1RwDg4m3G69QRseQESUJKzDue/7QtpNqEaS3UXQbGDA34R12UEGPmmfYym2GYB1QON36mlvEffIBJI52BPgpJOrlmQUnvfiG455c86u7pv7umCBFgJiYkm5klAbz20nMiQ15sCHlzgZIBk+ABk9UIJnPsqFN7a3ttSuWanDDPIc2qQDDYYJJ5je4FihJr5Lmz69MNOBq4eRYuLGCdvwuJm6EHdzDMH0oJoOqDeKZ7w2EXnYX/NASz8Qce57aTTgHscBrc0NqOAudLdiw7SZEg2kSBJTYHAvpjTVxFWvbUHEtZcA2GkDfz5qCDgx+W1Xh3cYx1JviA4T1kwYQGDlmeNwr24auKuJqxqNam11QOJJ94NnQbe6bRESpokq6WKdp1NpVNJIcA6GwL20zPOY8AoIMyt2lpN91lQVOZgsE/wAXX1U0CvwNUvpscd3NBPqoJOdAEAQER+k5p0UjFhqnw91RzJOmyUm9DyfIakV2+v0K7OTK7SvGtxO03XMrp0dRqzVxR+xpfCpINLE1PuTP9c1JBPZFVNPFMLXw4tdIB2BuAfkYVUMRyk1WS36lkoKMU7zLLAdp8S6qKTqksJi4E28VYVn5nvbDE0XOaxwsAASJMID77M57h8RSFTHsNZweTLxqa0gkNLW8jHPe5uhJZ4DPcO2XUnRRjZrQ0B0iTt0BHqlEGZm+dZVUBFdlOs95sNIeSTZo8TsEB2MsweYMc7un0qeFAHdseDVe0NABEggcjAk+aEm+WvNMvbVOoybs0glst2mRt1m/NQQYWavzJjml7qQwonvDSk1NIBPAHCDsPGJgSpJOpkFPKHceGNJ9dxL5P2jy43JIMk3koQUGaYrDFoZXLWtME6gadgBMHeZnY7FASZpYcVH1cpb3uKAax3EXU4LgS1xNm2k2vYWIQkqcBXxb4GJbQpvHE3S51Ta5/C0CNKEH5j8Ri2GaNKnVtIlxpwD0EHePkgJh9NuMcwZm44es1znNpMfoge6D3jSC4EAG0C8ESEJKXBUMPSaWtLXNsQXuNRxne7idhMCyEGbnOTYWs15diKtKZtTqkQPAA2+iEk3ge3rMHVOEbTFSnTDWtqNhpIgbjrMyRYm9phAb2I7ZMp6fsyJJcIvvA525DklEHx/viK3A2n4S6/glA9Dy39Uz4QoJOygCAICa7ZbU/wCb/CvF9s/BHzPQ9n/EyNynCMfUJOgaRMkTvb+q8Ph4zndT5UvH0PTxmo/23Zi9rsL3YmGjUDsOYsQfEELRh4eLGS7R3533MJwa91UfmYZCHU2Fry22xGr+y14ftqeGlGUb+hjn7PjOTadH3XyJ3szW94Lfw+Pmrv8Az0P8H8/4K17Nd1zfQnMFgz7Q1odrexrrAAOA8pk8lfw/Fx5ueS5VLfaxjcO+TlTto58FU04kSCOI7iF60Zxkri0zzXGS1R1+1D9VR8X2RyS1Ci3ofORAjCuBBHEd7c0UlLNBxa1KHK6n3Sp6ro5I3HtEscXXLhAG4AJ4j6iPms0saXO4xWS1fyyXky+OFHlTb129S1o59iKbqYbVcGuDZG8zHVaSg0c97QVqOjQ/cE3vdQDByHtVVrYktxRdVpaTDNmzI94fiESINroSeg5f2gwrgG0GmmWkSGtAtIJbPMGEIPrF9qcISQ86gCeFwDrnw2tslAiO13aZmGLH4KmKLnvBcQAA8QRxDmbC+9kJNbKO1mIqUTVc4amh0QI2CA6je2mI2GkSbmLoQRXbbGVKmKpF7iRDg2f5CY9VHMraOqdWULqv3RkH91SQzq4CpxtkypIJrHtDca8TO0+fOFVCblGyyUVF0U+aVJDPJWHBzdnnDvRMRI3235+C4xb5HXQmFcys90y4/ZM+EJHQS1OyuiAgCAme2ptT/m/wrxfbPwR8/Q9D2f8AEyYy2mWVdLQ/XpBdo0yNUGDq5ARteSV5/DYbw5csbus6rfbP8s3Y0lONuqvK728DG/SGHQ0kuMsJh0Ai+0NV2IpLEi5N+dehGA1ytJLyv1NbLAfsXAEgEDqSSOXjEn0WHh4y7ZSS0ZZjNckkd3Oz9jdr5JF3tDbgEHbmbfkr+OSUM4u21m1W3VdcvkV8L8eTWmif5oefZIf+I9eEjwH8PSefW6nE/wCqvH8Z3/7jK6iftfVeRozS9DuZnk3eRpc4F0SdBIGoGLjkCAD0mV6uDwSnyyTeeuWWf7PJmR8Ry2mtO/8APImMsytlXDEkkOLnSR4OI5qz/wAji8K3GNNZZPwIxOEhjO3qd/BZFFB7e83ndvX1V69vOs8P6/wZ37NV0pElmmXNYWUjWkyC0QG3Ji0z1+aYfHPFk8bkrrvpmW/0qhHs+bwO/jMO9lSnqY4RpvBItHMWXtYXF4OIrjNfP0PKngYkXnFnL2odPdx0Kvc4rcrUW9jAyBjhWu1w943EA+M9VTCUZYjaaeRbKMlhq09Sm7Nvh7/Mf1WgoMrFv43/ABH6oDP7XNmjSIE8bRPSzj8/6KiWJWIot7N/nh6l0YNwbS3Nfs/W+7PHg76K2OhXI6FKqJHmujk+O0uWuq16EEtOl1nCBu3bwvv4rypcZDCniaPNaeG/yPRhwssWEdvE3zk1Y4drRpO34v8AJcr21wyWd/L+Tl8Bi3lR85b2erawXFgHmSfoq37d4fSKb+S9SV7OxN2jOq4Om7GVNUVCNILtrgX22WKXFYscJSh7t3l/s9CPDwl8SvvKr/d2lU0htNziATAcdvzVGH7T47FfLhu34I4nwfDwznl5s7WW5PSpGe6gxI1SfW6r/ruMlNRxJNX5fY6/p8CKbgl9z0vLT9kz4QvrofCjw5/Ezsrs5CAICa7abUv5v8K8f2x8Eb/NDfwHxMlywHE1i7RAM8c2uAI035i6wqMXxOJzVXf/AAbbawYVfkYPbsmGy1rQGEDSSdidQJN5BSV88bSXhnvn8jrBqnm3/o2mgCnhWnTBbqOokNl3Ui+wComlGWHHLd55LN/wSrfO/L5HZzRzfZwAWTq2Y8v5Hrsp4twWFyqrvZt7d+hGApdpbvTdUQuT0fv7X2u1w26DrzN/kpnP/wBPy95Zy+/zFhgqU1XOPusGo+PJo9SQsGDhqTcpaRV/svNneJKkktXka1SnqaGukNLbkYgtgRPujl4L1uETlGKfT/N//rt4bGLFdNtdf8fUmOzFMuwwaObneXvOv4DmvO4iDnicq7vsbVJRzZZ1Hfd5c15+zgSwaRwjY8hIBXpYzvh7lGT93oq0W/S1Zhgv+ak1r1z1f12PKe0M+0UvxQW25N4xxHkfI/u2WXg67CW2vnlp+dTZi32iLeobs9F5U17yLlozQzzAHSSHzoaTsRMEB31B8V6WNwLSbUrpdGtHn91XXYyYPEW6aq/xfmxDZRTa/ElrpI0E+V9x4q3Cxp4MVOBOLCM1yyNnKska17iHuueYB6+S1w9s4l1KKMUuBjqmzpVezALnE1HQSdmgf3VU/b+ItMNfNlsPZsHrJnT7UYFlFlANBJLxxE9A7+/RVw43F4ptzqktF+eppwsCGFlHqUOTNaaN2g2O4C8uWJOMmotrzL3FOrRpf7HDCdJZIBJ0iLtgkbbwZWjG4PFTf/JzUm9XqqtfJ2Uwx4P+2tProyK7TvPtrBNg02tadO3+fQq3AS7CT716li1K3JoIYHAFtpkwNrSekwsvDRjLHSmsrz6efmMdtQbjrRoYinTF2lmokGGO1RbiHlIBHmVp4rCwIx5oONtr4Xe2flea8SjCniN07qt1W+Xn1POB+2Vp/eF+virJ/wDXiaI7noWUtgSYhzTYu0WkQZ8x8lTwUOSVyrNPJvl3Wd+OngVcS7yWz6Xt0OfHvJOzY0kgB2sHUSTJ6TyVvFSbxoWklrk71eef2KcJJYctfNVsWWW/qqfwj6L6yHwo8aWrOyujkIAgJrtr7tP+b+i8f2x+nE38B8TJfC1G6jU73S7QdRbBI0wJIcOcDzMwsPDyi/f56dZ13Vs0bMVOuXltXl5mD27DoaXVO8JYYIiIkxEdV1NS5ouUua/3OsFqmkqN/LnEswrty0BpiJ8N/iH5KiDcsTDktrT+eX3E8lNdc/p/B9ZvVaaREPLg4SXNDSCAReOZAH5KOMnBxpJ3au1VOvu8vkTw8WpbVWz/ADQicpf99YP4XH+iiUf+C+9FrfvUWFF0Mr9eA+gdf6hZsL9DF8vuJ/qQ8/sa1Wm8tpmnoDiBxGlq06gYId5iCeUyvS4eDUYONXSz5eq6/RmSclclK/C/T7E52Stg6ruYlv8A3vM/IEeqzYnurFlulFfPX6I0yznBd7fyKSi5gw7o7oSwjhqF0kgWLTz+hVt4ccGXwr3f8m//AMev2KKk8Va69F9zzTPsOHVqbjHCWxa/vA79PLxVHCYnLhSit7+xrxYJyTLkUxp1nZoAHi5235AE+gWWGEnGU3tSXi/2WZDnmor8SNbPtTqFQu7xoAHvPbpJkWhu/l4L2eIU5YMubmXi41r3GDAcViKqfgn6nneQO+97/hNvzWDES7HzNz1KvAnj8ysEZXLISjkb+DLgxo01XaSfca0tkOJmSd9xPRe5w3MsKKak6vRKrUur+XgYcWudu1n1bvT8ZAdvd6Fo4zbpvZYOE+KeVZadMzetvzY2cgZNFzjsBHm52w+p9FmeHfPiPRfVvT9/I6lKnGK3+yKWrrLHCaoAaTxMY0GOUi69jGeLLCmm5pKL1UUvC1mefDkjNOovPZtnmnaYH25nTSYt8NvH/NYsD9CXib18RZ5aNDKDQSHP4zDdRi7W257E+q5iuzlhxWTlcnSt7pZb7/Mqm+fneyy1ro3n8vkaeOnQCdR49ywMix/NaeNbeAm7fvbx5dn8yjApYjqtOt7nmJp6cbXHiDa24B/qqZS5uHiboqmz0mm2KrmiIa0NEsNT3Q3kPUyu9OLlBbRSXu82iWy+5jbvBUurb15eu5+Yqo1zmgGQGx7ugXJ2BVfE4sZ4sOV3S6cq12ROHFxjK1v1vbqWeA/Vs+EfRfWYfwo8WfxM7C7OQgCAm+2nu0/M/wBF5Htf9NG/gPjZF5QPtHw0zFnBneaL76ec7eq8jgF7zpba1deR6PE/CrfldX5mX26AkWOrRxO0GmHG8EA9BaVqxEu0jlnu6q/I5wH7r6eN0a+T1HaKDWkXjcTtxee42BuseDKfbKEevrfjtpudYsY8rk/zY7ma1CcP7+sahJcwscPegX3G/kruLlJ4Wtq9aae/zX2OMBJYmlZdbWxB5X/8gz4HJL/rPxRY/wBTyK6jUAqOBMBwLT0v5X3g7HZefgzUZO3k00Wzi2lWxtYh1MtY3v3sbBBh5DS2SA0meF0RuvTwnhPlSm0vF1Vul3OjG1Ncz5U/LO/VE72PvhKjOZkj+V5MflqVM05c8N2lXln9rL5ZSjLo39SmrV29xDg8u7qzTTAAGkbH90ETPmtPEYkOyqSd8uS5e5b9E1Znw4y7S41V9e9+mR5tnlSKrBG7h6QQVj4WN4cn3G3EdSSLjFH7sz/qXn4RE/Ncf/TL/wCf/wDKKl+s/wD4+rO1mTNNKsGNojhOosY5p4SNQ4idpaZ5zZb8eLjCUYKOmdJp5NWs/Lx2M+FK5RcnLutrdZepDdnv2o/CVhx/0TYtSxyf9Y537jXOHmLD5kLPwaqcp/4xb89vuc8R8Kj1aRoYEMaWE90IMy6sWuF99G3pzXpcD2cYRb5cus2nr/j6bmbH5m2lf/2+pGduwIon/m8trh2w9Fl4V+/Pwf3Na0X5sbeT/srPGoZ9AI+pUY3/AFlW839jhfrO/wDH1Zt1hpDgGNJLXA/al8RGoQfxCQVsxU4wlGMVo799y0q1T3Wplg+ZptvVf2peGfRnnvak/fKXwO+rVk4b9Gfivsb90WeAIccMeRphtjF26gRPLl+ataU8fBezVa1pa1MzuMMRd99daO5j6YgEuvIga9cSOIehG/ip47DSgm5Z2qXNzbZ/J799FeBJ3SW2tVvkeavdONr/ABAfkAFw1XDw/NzatWek5c4vJeATrYJ0nSdQiRPm0rRgqU8Z4kbalFaOneW/ijFi1GCi9nuryz/c48RX1EHQWjijUZPvGfKDIhUcRiPExYPlaWeuvxZ+FPY6w4csZK70+xa5f+qp/CPovrIfCjxJas7C6ICAICd7YMltMbSSPovL9qx5oRXVm3gnUmyDoAte6aLqhjZpcCB1lnL5LwuHjKEmnBvwv55HrYjUoqpJfL1M/tjVc8D7JzAxkcWp3jckeK188pyjcWq62/qyvDiop+8nZpZbdlCQNhu7QNv3uXmsMUu2V9etfUtl8L/39DTzp00QSbh0Ad73lo3Wzjc8NN63/lZRw2U2l06UQeWH/iFP4XLl/wDWfiix/qeRT1ff9V5LNCKVpf3TSGvIDfcBp6HiOcmRPNe9wvP2cXTqtPdp9/XPc83E5ed5rXXO0SXZSsWYcuETqduAR7x3BXn4+I8PE5o93ebeVSVMrnVX9w5pc0u7q7NJEAtkua7YmDJ5Lfizn2bi5Jvl0p5ZZtPweexjjGPOmk6vXz0aPMO0H66l8Q9Fl4P9Kfga8X4kXjCHMLHOABAcJMQWyLTvYm3kqMHlkpQk6WT81/BE7TUkuqO3nDi6nWHtLnBrQTTJAIdwkCw4m3O2xC9PiLkpLtG0l8OWuXdmjJg0nF8mr17s/kyG7Pn70fhP1Xn4/wCivE3bldlLvtHt/fY5o89x8xHqs3CZuUP8otLx1X2Ix1kn0aZqUsQwMph5cL2HdatTg7kSLkt4Y8V6fC4kI4EFO13ct2769WsjJiwk8SXL99q9HmRPbt36mBA7zbpZ0BZOFrnm0qyeXTM2LRfmxtdmuKmafiHjax2NukH5JCHaxlhd6a+z8q+xziPkan4oosSHkOh7dOmXQ0BwkTB8xaV6GP20oSUZKuW3lmstPNbmHD7NNWnd5Z5a+nQ817TH76z4P7LFgfoS8T0V8RXdnqzYY0gkgiLBwuWl0De4bEXXPD40OaMJJt30vdXlrmlW5VjwlTknt4bOvuamMpho/VFjnOnkRAB2PLcWVnFwjDDvs+STflvo9vApwZOUvi5kl+f7PMmH75X+L+yT/wCvDwNkdWehZDUc5pbqMBpsBLo24fG/oq+CxMScnBydJPRW+mXfn5Io4qMYpOs2/Lrmc+KLpbqc48NtbdLwJPvf3V3E8zxcPmbeWVqnrv6Mpw6UJUl5ZrTYtsB+qZ8I+gX1MdEeNLU510QEAQGD2qNqcb6jF4vFr+a8/wBoNpRrW/Dbqa+Fq3ZD0qbjUqMh4JEFwcHObBB3kSCRETK8aEZvElFppta3bWfX0uz05SioRaarwqzI7WYx2jQ19Qt0kEulofc2ibgbLtYj92Kba6vK8/QQgrbaX7GvgaTX0cMCJloniEnhkNtcHkJVU4QniQTXjms+6tfCyeaUVJp/T6n33VLui51KqwBwEahznbU3w+a4eHhcrlKElT6+PVdx0pT5qUk8un8kblrPv9N3LS4T+R/JWN/+ma70S4+/ZVVqDp1ASJvHKN5HLlfa6894M+TnWa+3j+UWKcb5XqaQNYNDmYZjjHC6JJtEniuVv4btoxjKOEtNd/uZ8Ts22pTfh+IwsjoPp0HMe0tcHGQRESSR8iFn42LjOn3F+HJSportLvZSCHtaGSPtWuBtMdQD+76L0ZKT4ZxppKP+Sa8Ovl5GJOKx08m76P8A15nl/aA/bUviCycH+lPwNeL8SLDE/h52Fuq85/Ei1aM2c5B7ipLHaI4GGh3fdXFy/nAkeMr3eIT7N2nWy5a5fP8ALPOwX76p57vmu/IhOz37UfhP1Xn4/wCivE3LUpcPU01ARuDzXnQm4NSRZJWqN/DYp0U5dSbqMim6TruA0ix0QW2Mle/w+NJwhbirzUXvnl4aZanm4uHG5Um636dfHXMhu3hM0Zse8v58SxcK254l60/ubloq/Mju5OeH0WDG+LMuWhWYg09JPBpLeEgu7wnlq/rK9fG7Lkk/dqsmm+fuv1s82HacyWd3npy+Xoec9pP25vwf2VGB/wBeXibV8RUdn3w5pkC+7ttjusmBJwx1K0vHQnGjzYbX2NvFtAbwaNOq+lznmYMb7c1t4pRWCuy5eXmzpuWdPd6GTCcnP37ut0ll5HmVIfe6/wAf9kn/ANeHga46svMg3/DYH3nFnPkRzWXg67W8tN5cvTdHHFfBv5Kzt4rTqkaSS3i0vL73jiPhC1cRyPHg4tXvTct+rM+Hzdm077rVfQucF+rZ8I+gX1kdEeJLU5lJAQBAYXaoWp/Eeu0X2vtOywcerjHx7/PTP5GrhXm/D81IQ2fU4S8DSNLpaZ1DTFpMHmV4sfdlKk3ksnk9cv8AbPUecVtrpnsY/bEmAIaGw/3XF8uJOuSQNjyhW4l80VSrPe87zGDo/Lu2yNjLw00MNqaI0i5MA2MajaIPrHNUyUHOHMlq8+vi8tH9NxclzU/zu8jlzIfZkucCZbAFTWASDrAuYExuuOKj7tyfSld7O93lodYD96kuu1eGxHZeD7bTPLiXTa7BrwOmnzFlWLtNg7TzLXACf4gBJ9SuPe/p/dTqndNa96q/mcKu0zq/B/RnPWYAadQscag0gNa9sExwapu3UB6rvCjGoTafNkqTXTK91aIcn70U8s9n511oxezrpwjrX1uO9xc2A6Lji65K3y308uhZC+0/PubzMJR0lhFQEN1kgtIPCHmJAt0R8PgXyyUrSvKul9DntcTVVrW/WiB7S0wa9MtBLWvBBdAIBty5+S74eUVGajdNZWdzTbTexYYukQ1jt2kDbr0PTYrBLCklGeq/MvodRmm3Hc7GKxDjTqMbhao1iJc6o/nNgRE23XpzxJuDjHCkr6uT+hmjCKkm5rLwRJZCwjFkEEENIIIggzz6LNxCawqfU0p27RQMPH6rzGWlJlAeWNaO+AJPEAwtEm5BcJA/zXvez1idlFLnp7rlpZ7XmeZxTjztvl8M7+mRB9uhej/1I+RWPg8pYi7vU37RZo5bTc0Q4EGJ8x1HUeKx8RCUZZosg01kVFfMm6S3XUdLdMENAk8zF16M/aOG8OUeabtNZ8qX0zMK4WSknyxVO8r9Tz7O2h2PpjcFvWOnM7KOEqWA/E1PJ+RVZbQLHtFN7SeRsYsd9ws7w5Rx49lJW7rTLx1X5sQ5KWG+dOvzwZrVO8f71WmWg8nNF/QeauxFxGLH38SDSfVLPySM8eyw37sZX4M87y46cdiCSBDusDiDegPVXwklgwd7P710Zokrvx/OhbYBgLncIIDZDWEibgW/MkrFGEJ4k242krqLfcv95eRziOUYRV1nq/P8R3H02NA+zLS4E3cbQY2hXKOFFwag031byp9K3KW5yu5Wl3dxbYP9Wz4R9F9bHRHhy1OZdEBAEBhdrBwU/F0fmD0WD2h8CXf+aGrhPifgQ9EFtZ5BsG3d3pAbJ2LtPWLQvGw1yYjp6LXm086+lHpyfNBWt+mvlfqYXadrGsjS6NBNMioHtkniM6RbcRvK7dJpV4Z2tfA6g28/nlWxtZXU+wwxvGkD3xAlpFgbNN5uq5SfaR6Zr4stHs9GRSqX7flnNiaDjT7trOEFoZdhNg7USWk3O8bWXONCTioKOWVadHej3Jw5pS5m+t691fIj8v8A2yn/ADfRc/8AsvyLXqV1cjTd+k3AG4cPKIBmbzyCjL+n96VZOlrfls73vYrz7TJXpn08/Q74mNqYP2Wh7muOp5Es2deJN+XRX4FpRtL+2nTzdZb7dfoVTq3r/day0vPbcnuzn7G6wnvHX5zJsfD/ADVPGfA8umfp+3mXx/UWZTVKLvZ4Be2kGk+/IPCHNnpLiRpC0YuHPsUotqNPfuTX1ypGeEo9pbpu+nfT+m55znoPeMjbUJ/NZuFa5JeBrxLtFvjie7pmCWwI4pBgCRp8+i4xebs4NrLKve+eX7FWHXPJXnnt6n1mVR1PvXa6+p7SRTILe7BcOIuDiLG1h+S3YspYfM7lbWnTPrexThpSSVKlv1y8NyRyF5OLJJJJaSSTJPn1WLiG3hW+prSp5FZSoNIDiDMmC0H0m2neea4jgQlw/NJO880n5XlXXfQ4liSWJSfTWv8Af0OWnQpwwOqVGufeA0EAFxaPxeHRRh4eGlBTlJOXTTWupMpzuTjFUv2voTnbxjQaIaXWqAHUALw7oSruGjhxnOML0ztJb9zZ0nJpOVeRsUqnDp4g0ciwNFrAzJJt1VfGz91Rzq9Kr63YwY53lfj6G9VxJBLu8p6IOkANLr+7aJnbfxWiXEyi5T548tOlSvuyq762Zo4SaUeV3vrXfnZAZziC7MKTpvoMmwjlPIWHio4XEnPCc5PNvuW3kjVKCj7q0oqsCeKmWva/fiLdIIAOqYvtPiqWpf1EWmnrm1Sqs9M9L7zh12TtVp3u9te/yOfFPDQ5rGgNBaSdRdq1AlkSBAiVXxMVHDaw4pK027bu02tUshhPmmnN509q3zIPL3n23EbEzadjwtN/QLdh/owro9fE7mtfEtcoqzUMthzWyAXaACS0G4I5Ews+Fh/88ny51kr5el5qtrorxZXhpXlu6vr1vc7+KADgC6XGZ4tRiYbJ8lzOHJjRt27e95Xl9CuLvDeVLwrbMuMJ7jPhH0X2EdEeE9TlUkBAEBhdrXxTYf4p+R6LB7Qly4afeauEVza7iFFPvX1GtMFwAgno+5JO8CDv1XiWsbmUXnSyfj392Z6n6aTf5l+5i9rKDRTY1jiWQ8CYncybcipTiuXkdrOvn6nSvPmWf8Gzk5BwuFluoAXBg30k3k2FpiIsV3iK5RtWrff16u67qrvK1/dnWS9Py9T8xT3GiXPYASRocGBsi+oGBB2EeqyYkpTwuaazvJ1XW/4LoJRxKi/FWRuXvPt9IcuOR0iAPzBJWlpf0zfgcuX/ACV4lw8EtJDnANEGHQPIggC87SZVUE5YDdvJPfLwql92Q6WIlSz7v59Ds1ADTDDoNSAWNLqgMuEi4OlrjvaNwrcDl5IRdXlSuX+k2cTvmk1dbul/vIxOz9ScI6G6QHGwcdxYkg9SJ8JhVcY3yV4b+nqXQXv/AD29ShqYcCkXdyYe0uJ0e5DAGhpHLUJLuitxsNKHNyZNXdae7kk/HNsphO5VzaPrrnn9NiBz1hFQAggggEGxBnmqMCLimms8zVJp5os8YOClc6iG2gwY2IJFjEbSomvchm7dZZ13ZtZZdLT+9MH70umf5l6n1mD5pVi2kGkd429QuJGpveOa3SJExueq2zbcJNRrXe91bSopiqkk3027styO7PftR+ErFxH6Pma1qVzA2AXFwdcNgw0wTYmN77fRcxUOwTk2nTrOlvk3Wvd82ituXO0qrK+v3/O80cHrFNmjWTYzoDgNTy0hhIkOG+608NGfYx5G9nonVumllaa1KsVx7R81fNra889NiG7aOuy8xVjzs4SqODhyTnHXJ5+ZsbtRf5ob3flrAC4RaGWDmSJ0wNxyk3nzU8XGTile+n8dPzcrwmlJ/f8Ak18XigS981HGnrBHd2brEBpdNg0yVqxUpqUm3KuZaaXlV9EZYJxcVkrrfWt/MgMbWnG0TMQ0kkGNjO8eCq4ONYT8TbN2/IpcBigazNAaDDiNJD9RDXEAiAJO0QN1KheNFxSvPTO8vkUzyw3emXcdzMKrzTv77SwvY2mG+8DpEi5LQIIO2pRxabwqbSaq1SW2S8kc4FLEtaZ07vfP5kfgcDiPaa1QUX6XEaSZYHQGgwZHRT2uHDBhb2f37i/WTRTZZl7+MVG6A4AWOoiHNcRc8wCJnmsi4jh05KWj6eKe5E1LJxen7M3atAucH6Q3SDYCJbNogfh6+ISeK5NTUarPSrV5VSqorVlUainFu7+/z3NynmlaAwNaIHrA6if6L2I+0sZvk5EnV6+mp574XD+K7M3H59iKfGHBwaeJpAgjnBAkLrgvabxMbssTfR9/8kY/CqMOeJV5bjm1qTKrPdeJ8jsQfEEEei9owHZQGV2kyg4mloD9DwdTXb3uIPhdRKKkqkrRKbTtHmmK7FZqx5LDSqNmQQ4fPUAsU/ZvDS1j9WaI8ZjLc6mI7BZtWse6pzzL2/4QSpw/Z3DwdqP1ZMuMxmqs5KuL9iDaFU/aUjpdYlrrESOcEH5rzsb2djwnzYVNXdfP9zXDjMOSqeR8YjtHSewy9gktsAbBgIaBPK5WSfCcZK1ya15VpWZfHHwI0+br9TDyrGU6mNYGm4BO0befmr1wmJh4EniLb6nL4mE5pQZYVqwI0GZAMbQCdRtLSR+HYj3vBYli4fZckrtJ9O/qvDR7l3JLn5l3enf47HJiO7bpc9+/dtbDwCwgAOe6ZjSdgbFWYKw+aMm/8Us9Ms2/DYiTnTSXXbXPJeZldmnfdKgHKoSf6GDtvy9U4r9J13fnd5a7kx/UT/Pzx8jaa5ndvYKYa1rZDtLg7VpBBcf4jaIi9lzNwzgoqlHWnd1at97/AIEVK1K8702q/QgM/ruNVsk++Afy1ST5wFZwyuDbzdN+h1iOpUvzIusc37JjpNw22qJgcgRfzBKonD/iUre2V610TX1TZEJe+147et/TI5M4HA9x1lwbpcBWpuLGkgkPa1gIk7nqbrbirJyd3o1zRyV52kvn9SjD1SVVtk8/Btkjkj2+2O0ghsEgG5AkxJ6wsnEpdla0s1R1p60VTcQGtiQJknhJmbQbxNhysucPEUMDlurT2b1y61t0yOJQcsS60rf+L36n5hsUwNY/XIgMNPW5sOLzrc4AiAG7RzIW7h8F9nFq9KrNZ3m/kZ8WfvNfXLpkvmSPaGnre2mxzTFWRJtpGoCem4XGDw8sJzlyuqf3L+3i6V5lFRyau8xqZO40sEj1A29V574rtZVhxbfgXNRgrk68zfGWPeZDNN3yAdMvqiHmHGZjYcgtLxeJxX7mGlm1m695rPJvWs66GW8KCzlenyWmmxnt7F0nVQ99y0cJLiQQedrRPMqvChxGcOZLR3qmut1ot29CyXER+JJ9P4NPDZBSaJDILXhphnu9TPgLyoXCzkuaUpWpKLy06vXZZ3RzLic6SWatZ/mp3/YWCSQTvAJiS2+43BFweqs/osKNudvWk3VtZ6rVNZp9cir+om8l3XS6921PU4xpGpoILfeYSNUTuDYwY+Y8VnUoR5sOLTXxRbzq9U8nTay01Xed1J1JrPRrTzOWm5o22tIg6TbiAFvmr8OeHF0s1lap8unvJLLyu0jiUZPX+e7qfTd5iTOkTbe0OjeRZdxu+Zxt3WdLXZ1rccna7yHVVdb/AOvBnyKYdxGJ63mBa97kAbriOC8X/kaV9c7pOuubS1fQlz5Pdz+h1s008JLgRGkjwmOs9d1xxXuThO81t4Pxb1vU6wfeUo1+fKju9gcax9OrTYZFN9/CRt/4lfYRlzJSW54rVOipUkBAEAQHSzLKKGIEVqLKg/iaCR5HcIDGPYDLpn2Vv/e8D8tUID7xPYzCd05lGjTovPu1GtGoEbcW8evNQ0pKmSm1miDzLsdmrHk0+7rN5Q5oP/np+qxT9mcLN3y14NmmPGY0crOlX7J5zVkGi2nPMvpf4XOPyXMfZfDRdpP5nT47Gaq/ofdPAVMupmjinAvdx6mS5pBMxsDINtuSxcd7NxJtywdMsvDxNHD8bFJLE16ncb2qoFrgHMbIOrijW4t0SQRYACY6krNiQ4uqWG9773VX5dC6M8C7513d2dkfnOOoF7AC0uLmgECdyBvyTh+E4iEW5JpUzvE4jBbSTVl1iKgLKYmHANvy5dbjnziyyvFg4xi3TVd/Tr5713FihJSb2z/PxH3jcDoFdznEVHh5AgQWahc9C47R08Volh8jm26k7flfrsVwnzcqSyVfOvTckez9KMW74Z9bBVY1y4dNba/niWp1MtsHhO8FKkXHTUedQbqB0MDnOFzpOqA2w/FutnsqNpNvS8ve/flfkvOzJxsqul55ftf1Pntf2ep0gyqwfZOtZ0hpiRfmCJ/JfQJKWZ5XM45Ee/uxsPkuuVEOTKrs1mEsBInQdJB/EOU+h+S+R9o4a4XjOeKtPOtneq+eZ7HDSeLg03mtzbdmM8osL+8ZbseQkX/NZ5e0HLKq0z1drR7K19smi1cNXfr3a6rc/fav+aAL20H8VyLzabwp/qL0xUtcuR76rfK866kdlX9l+fQ46mYtb+IvNpLrC3QX8pXEuM5Xk3J7t6eSz10uzpYDeqS8DO9thYE2kaeQU8x4hJtN/JXYMv8Aki5PK1ZzPD911qcjs2bIdJkHVEC82dz5xPqt74jCtTV3d1Wt5Puzq/MoWBKnHLSv2OB2cHkNySZPMwbeEgFVri0vhjq23fV08vNJ5nf9Per7vLP0Z1qmanlDbz1g2PPxb9Vw+In/AGKs7+qfodrBW+f4/wBzgr44uFzIudgOZJv6lWLA4nHjzctrN3SXVvPxbOHPBw3V0zd/RBRJo4iv+GrV4fENmSPCXR6FfY4ceWEYvZL7Hz83cm+8v12chAEAQBAEAQBAEB1cwy+lXborU2VG9HAH8p2QE5U/RvlpM+zkeVWoB+WqyA5sN+j/AC5k6cK0kiJeXVI8QHkgFAR+e9k8ypu+wDa7OV2ggcpDiD+RKw4vs3hsR2414ZfwaYcZiw0fzMetlObuAHsd4jl9dcKn/wAPw93b+f8ABb/5DF7vzzP3KOz2NwjnYjGtaym+GAAhxad5IbNj58l1xHArsJQwVm+/vIw+KbxFLEZT9lMdSq4mk0VWnTqGmesm481i9l4OPh4rjixaVZdNb8Ny/jMTDlBODV36UdnPc4p1aeJpsYS2ju62kOY6C0AW2/8AZe+lR5Z53XzVv4WQuiDR7NZgT3m0cP8AVfO+3o3yPx9D1PZ393kbD8Weq+b5D2MjhfjP4l0sJsWdd+Yt/eViwJPY55kcJzIHYE/68VbHhZMh4iR2KNHE1Pcw9Q/yn6xC0w9nYktE/wA8aKZcVhrVo71HsvmD/wD6msH8TgPoZ+S1Q9kYj1X1KJcfhrRmhQ7AYh36yuxvwy7+gWqPsfq0Uy9orZM08N+jukDL61R3lb6ytEfZWFu39EUy9oT2Rp0+xmEFixzxtDnGI9IXoxw4xiopZIxSm5ScnqbmGw7KbQxjQxjRAa0QAPABdnJyoAgCAIAgCAIAgCAIAgCAIAgOLE4dlRpY9ocw7giQUBNt7B4SnV7+g11KsJLSHuLdR2kOJtPJAY3bbNnvw78O2i/v3cJY1pMdSI3FhfoFIIDDdjswqbYV4+KGf+xCEFLk/wCjzGtaQ5zKZcZPFJA2AsD5rzuL4SWPNN1SNvD8RHCjW7Nmj+jZx/W4onwaD/V0fJUw9lxWr+SXqWS497L6mnhv0dYRsajUfHUgfQT81oj7PwVrfzKnxuI+hrYfsng2bYdhPV0v/wDYlXR4XBjpFFUuIxXrJmnQwdNnuU2N+FoH0V6iloipyb1OdSQEAQBAEAQBAEAQBAEAQBAEAQBAEAQBAEAQBAEAQBAEAQBAEAQBAEAQBAEAQBAEAQBAEAQBAEAQBAEAQBAEAQBAEAQBAEAQBAEAQBAEAQBAEAQBAEAQBAEAQBAEAQBAEAQBAEAQBAEAQBAEAQBAEAQBAEAQBAEAQBAEAQBAEAQBAEAQBAEAQBAEAQBAEAQBAEAQBAEAQBAEAQBAEAQBAEAQBAEAQBAEAQBAEAQBAEAQBAEAQBAEAQBAEAQBAEB//9k=', '58', '1'),
(34, 'data:image/png;base64,iVBORw0KGgoAAAANSUhEUgAAASwAAACoCAMAAABt9SM9AAAAA1BMVEX/AAAZ4gk3AAAAR0lEQVR4nO3BAQEAAACCIP+vbkhAAQAAAAAAAAAAAAAAAAAAAAAAAAAAAAAAAAAAAAAAAAAAAAAAAAAAAAAAAAAAAAAAAO8GxYgAAb0jQ/cAAAAASUVORK5CYII=', '60', '1'),
(38, 'data:image/png;base64,iVBORw0KGgoAAAANSUhEUgAAAOEAAADhCAMAAAAJbSJIAAAAe1BMVEX///8dHRsAAAAZGRcuLi3Ly8sbGxnOzs4VFROpqakQEA21tbVpaWjBwcHx8fHp6elgYGAHBwA5OTednZzV1dXm5ubU1NTb29smJiRdXVy6urlWVlWYmJeKiorz8/Ourq5MTEt5eXlvb26Ojo2bm5oxMS+Dg4NERENJSUiSrgQ+AAADIElEQVR4nO3ZZ3uiQBSGYRwQEUtCMGIsiylL8v9/4RICIypTMEXIPve3cHH28C6TKcRxAAAAAAAAAAAAAAAAAAAAAAAAAAAAAAAAAAAAAAAA8J9L1uM4Hs/uf6bbeuAphHNVTaqs8Vxzw1shPS709z6tlI0KK++Psd9MuCpCmXCsKTL0G0ciHFT8ULxpX+Q0UjZ6F0bKR5SGYqCkS6gu0rab3wn/+P5AxLqEYXOXsvaTAb8hYSKChorHCxO64sYYcKkL+PUJb4TbWPJ8UUJXmGeqxemQ+eaEXsMbLGqWFyT0LQIm+oBfnrBWFebzaCRfqOu1T+iLxBhwIWqqwqh+0ZxQnFM3DH3ZZBpPJs8r2VXMFCUPTc8YFD+ZAzrDg1H1yNHzqHZZWVrdLtb12w1F8pde7Mork+pKeKuoWdQfsrw72Czzn9ruFpbyka1ulwnNk1lD0fYQQIa2+QfKm8Npi6ZS9f8jJu0etk3CXVQW1bYhmQgLFrNGDxJmVcLaQB5tbgubX5HwRVSzoF2TM51PKPdPvgh3yhVQ4yoJ18fz6Ej/hHL59fNFaZq2nQ6vkfB0PVxpq+KjfUK+6A8y9drS4CoJj7l3+rLXkx2Km7/Knf1A70FC5+9ZXT5en8yH2A99SOhMG04XoeU2ox8JnaHXcETUHoIP+pHQcWYbIU5PDMqd95Huz6WVefr+Lar+Kv3u7kvT2THrhss4PxhF7cbpVRKavwTpmmZyuAavFvd3fdc2r4byS+3iU5vjU9cTVpu24Gg62gf2o6HzCT23YeJsM947n7A6H/r1qsew46N0PTql3kvLTxbu4QxcnajcgUXXLqyH+m9tr9US6Iu3NJnP72dyookyi64d2NMYhlvtC/vHB8HD3sbm22APEjqZqix8sOnag4TOPmqscYXVAaoPCZ19U2FgNUZ7ktDZnR+exMryg80nE/oF64S+imlhS/Yiqv1BKJ9ytoYKqWx6acKgYJ0wUDEv3UnmH9aWTWr/kGXT6KKEP+xmmMbbbby2+/0DAAAAAAAAAAAAAAAAAAAAAAAAAAAAAAAAAAAAAABAD/wD54Mp1IWvHPUAAAAASUVORK5CYII=', '64', '1');

-- --------------------------------------------------------

--
-- Table structure for table `blog_user`
--

CREATE TABLE `blog_user` (
  `id` int(11) NOT NULL,
  `username` varchar(11) NOT NULL,
  `password` varchar(11) NOT NULL,
  `email` varchar(11) NOT NULL
) ENGINE=MyISAM DEFAULT CHARSET=latin1 COLLATE=latin1_swedish_ci;

-- --------------------------------------------------------

--
-- Table structure for table `users`
--

CREATE TABLE `users` (
  `id` int(11) NOT NULL,
  `username` varchar(255) NOT NULL,
  `password` varchar(255) NOT NULL
) ENGINE=InnoDB DEFAULT CHARSET=utf8mb4 COLLATE=utf8mb4_general_ci;

--
-- Dumping data for table `users`
--

INSERT INTO `users` (`id`, `username`, `password`) VALUES
(1, 'toms', '$2y$10$pfnB0n/SKz.9/e2nNC.mzOZTZdkQODk2gNsOmKW4Gelqwim4DmNH6'),
(2, 'tomss', '$2y$10$WswTwd/2XIF.ZvgKC3JjuujvDTi8JZusenMuA1gmuGpwWziF67nEi'),
(3, 'tomsss', '$2y$10$bSsYqnRx62aX1VEZnMqX1O6c8feTHsEKd4q8./y0calHukO4ENHmC'),
(4, 'admin', '$2y$10$5SDrPYKbUuKERhtGecOsS.V26DP7IgcXXVxkmBEwiBPMajs8ZHu0O'),
(5, 'admin1', '$2y$10$cnPnQWM77qc1P3JNhtEg.eHU8x.FWKE8Q8FQT4Sy4IMeZ/mfL..pW'),
(6, 'test', '$2y$10$H1zneKX2NfsDRbJzGT6JnO5MmqhOxfcWEclJ.ji.NYuR6itkCOVVK'),
(7, 'aaaaa', '$2y$10$LnDuU9laoSEp61NJ7Mimy.E3YI.l81/qQJErKkpP0vdiMm4ywhK56'),
(8, 'ss', '$2y$10$UIJKppERFHjZh3UV.YnQhuydQea2dvzaKWWHS8SM0ygHkVuIHAQt6'),
(9, '12', '$2y$10$i9BJRubxB6E7cutRxKjixe6cjQFuwurn/AtaERiZrOxx5w4xfUp3e'),
(10, '123', '$2y$10$.rx0AvfoZJIYUYTNriDKGOGb1V5iX6695s9b/wWMTIAxy41Rsz0dm');

--
-- Indexes for dumped tables
--

--
-- Indexes for table `blog`
--
ALTER TABLE `blog`
  ADD PRIMARY KEY (`id`);

--
-- Indexes for table `blog_comment`
--
ALTER TABLE `blog_comment`
  ADD PRIMARY KEY (`id`);

--
-- Indexes for table `blog_likes`
--
ALTER TABLE `blog_likes`
  ADD PRIMARY KEY (`id`);

--
-- Indexes for table `blog_pictures`
--
ALTER TABLE `blog_pictures`
  ADD PRIMARY KEY (`id`);

--
-- Indexes for table `users`
--
ALTER TABLE `users`
  ADD PRIMARY KEY (`id`);

--
-- AUTO_INCREMENT for dumped tables
--

--
-- AUTO_INCREMENT for table `blog`
--
ALTER TABLE `blog`
  MODIFY `id` int(11) NOT NULL AUTO_INCREMENT, AUTO_INCREMENT=67;

--
-- AUTO_INCREMENT for table `blog_comment`
--
ALTER TABLE `blog_comment`
  MODIFY `id` int(11) NOT NULL AUTO_INCREMENT, AUTO_INCREMENT=82;

--
-- AUTO_INCREMENT for table `blog_likes`
--
ALTER TABLE `blog_likes`
  MODIFY `id` int(255) NOT NULL AUTO_INCREMENT, AUTO_INCREMENT=64;

--
-- AUTO_INCREMENT for table `blog_pictures`
--
ALTER TABLE `blog_pictures`
  MODIFY `id` int(11) NOT NULL AUTO_INCREMENT, AUTO_INCREMENT=41;

--
-- AUTO_INCREMENT for table `users`
--
ALTER TABLE `users`
  MODIFY `id` int(11) NOT NULL AUTO_INCREMENT, AUTO_INCREMENT=11;
COMMIT;

/*!40101 SET CHARACTER_SET_CLIENT=@OLD_CHARACTER_SET_CLIENT */;
/*!40101 SET CHARACTER_SET_RESULTS=@OLD_CHARACTER_SET_RESULTS */;
/*!40101 SET COLLATION_CONNECTION=@OLD_COLLATION_CONNECTION */;
